thread_link,n_pages
/Forum-19-89/m78428788.html,1
/Forum-19-89/m77046156.html,1
/Forum-19-89/m43878257.html,28
/Forum-19-89/m58816710.html,15
/Forum-19-89/m72229346.html,35
/Forum-19-89/m74211193.html,1
/Forum-19-89/m50068783.html,5
/Forum-19-89/m72317822.html,1
/Forum-19-89/m56758526.html,4
/Forum-19-89/m67426514.html,43
/Forum-19-89/m71341085.html,28
/Forum-19-89/m70695809.html,1
/Forum-19-89/m68665914.html,13
/Forum-19-89/m68654229.html,1
/Forum-19-89/m62603295.html,84
/Forum-19-89/m66647611.html,212
/Forum-19-89/m66232995.html,4
/Forum-19-89/m64646335.html,6
/Forum-19-89/m64347438.html,144
/Forum-19-89/m44177954.html,21
/Forum-19-89/m59811934.html,1
/Forum-19-89/m58992405.html,1
/Forum-19-89/m57373845.html,9
/Forum-19-89/m58138417.html,1
/Forum-19-89/m57845587.html,1
/Forum-19-89/m57559360.html,1
/Forum-19-89/m56345230.html,2
/Forum-19-89/m50995291.html,5
/Forum-19-89/m53225623.html,43
/Forum-19-89/m52899903.html,11
/Forum-19-89/m52784621.html,13
/Forum-19-89/m49866739.html,56
/Forum-19-89/m52739908.html,6
/Forum-19-89/m52374559.html,7
/Forum-19-89/m52636436.html,2
/Forum-19-89/m52025206.html,28
/Forum-19-89/m52084139.html,1
/Forum-19-89/m51536300.html,18
/Forum-19-89/m51475608.html,1
/Forum-19-89/m51446905.html,1
/Forum-19-89/m50218849.html,76
/Forum-19-89/m49904008.html,1
/Forum-19-89/m45818666.html,4
/Forum-19-89/m40759176.html,10
/Forum-19-89/m43053627.html,6
/Forum-19-89/m27781860.html,1
/Forum-19-89/m7583397.html,5
/Forum-19-89/m6394890.html,7
/Forum-19-89/m4701045.html,1
/Forum-19-89/m4170782.html,5
/Forum-19-89/m3891681.html,10
/Forum-19-89/m3536203.html,1
/Forum-19-290/m60526191.html,34
/Forum-19-290/m67679817.html,1
/Forum-19-290/m71476070.html,2
/Forum-19-290/m71865718.html,1
/Forum-19-290/m65551084.html,1
/Forum-19-290/m61216671.html,9
/Forum-19-290/m62109288.html,1
/Forum-19-290/m57448978.html,1
/Forum-19-290/m50099642.html,1
/Forum-19-290/m49931183.html,1
/Forum-19-373/m74362168.html,1
/Forum-19-373/m68872013.html,1
/Forum-19-373/m70536132.html,1
/Forum-19-373/m67841446.html,1
/Forum-19-295/m51013599.html,1
/Forum-19-295/m73665541.html,1
/Forum-19-295/m64084790.html,1
/Forum-19-295/m61866315.html,3
/Forum-19-295/m61294961.html,1
/Forum-19-295/m57279977.html,10
/Forum-19-295/m56089296.html,3
/Forum-19-295/m51643850.html,1
/Forum-19-88/m44707097.html,1
/Forum-19-88/m50894523.html,1735
/Forum-19-88/m74376982.html,2
/Forum-19-88/m52120528.html,42
/Forum-19-88/m16725914.html,3
/Forum-19-88/m50894492.html,50
/Forum-19-88/m65432210.html,3
/Forum-19-88/m51062277.html,1158
/Forum-19-88/m46178449.html,1
/Forum-19-88/m46852731.html,507
/Forum-19-88/m46659172.html,1
/Forum-19-88/m59948111.html,1
/Forum-19-88/m57187166.html,4
/Forum-19-88/m62926288.html,1
/Forum-19-88/m53724125.html,1
/Forum-19-88/m57664064.html,2
/Forum-19-88/m55850286.html,505
/Forum-19-88/m55572826.html,1
/Forum-19-88/m55839111.html,12
/Forum-19-88/m51401857.html,2
/Forum-19-88/m55088165.html,1
/Forum-19-88/m55108947.html,3
/Forum-19-88/m54002799.html,3
/Forum-19-88/m53061874.html,1
/Forum-19-88/m52914886.html,1
/Forum-19-88/m50854325.html,1
/Forum-19-88/m51470040.html,4
/Forum-19-88/m50491517.html,9
/Forum-19-88/m49027442.html,888
/Forum-19-88/m49097089.html,4
/Forum-19-88/m50398007.html,1
/Forum-19-88/m49983478.html,1
/Forum-19-88/m49790985.html,2
/Forum-19-88/m46415626.html,8
/Forum-19-88/m44230899.html,1
/Forum-19-88/m43698894.html,2
/Forum-19-88/m41156426.html,3
/Forum-19-88/m42204419.html,1
/Forum-19-88/m15418178.html,1
/Forum-19-88/m8577506.html,1
/Forum-19-88/m7661981.html,1
/Forum-19-88/m7400625.html,5
/Forum-19-88/m7062518.html,41
/Forum-19-88/m7069029.html,2
/Forum-19-88/m6399866.html,1
/Forum-19-88/m5577925.html,6
/Forum-19-88/m5048574.html,2
/Forum-19-421/m70319110.html,1
/Forum-19-421/m71009320.html,6
